"No.","Time","Source","Destination","Protocol","Length","Info"
"11","0.545443","192.168.1.9","172.67.75.39","TLSv1.2","481","Application Data"
"12","0.609709","172.67.75.39","192.168.1.9","TCP","56","443  >  49776 [ACK] Seq=1 Ack=428 Win=69 Len=0"
"13","0.626127","172.67.75.39","192.168.1.9","TLSv1.2","1452","Application Data"
"14","0.626127","172.67.75.39","192.168.1.9","TLSv1.2","685","Application Data"
"15","0.626127","172.67.75.39","192.168.1.9","TLSv1.2","88","Application Data"
"16","0.626457","192.168.1.9","172.67.75.39","TCP","54","49776  >  443 [ACK] Seq=428 Ack=2064 Win=1024 Len=0"
"17","4.126757","192.168.1.9","40.90.137.125","TCP","66","49778  >  443 [SYN] Seq=0 Win=64240 Len=0 MSS=1460 WS=256 SACK_PERM=1"
"18","4.381062","40.90.137.125","192.168.1.9","TCP","66","443  >  49778 [SYN, ACK] Seq=0 Ack=1 Win=8192 Len=0 MSS=1440 WS=256 SACK_PERM=1"
"19","4.381239","192.168.1.9","40.90.137.125","TCP","54","49778  >  443 [ACK] Seq=1 Ack=1 Win=132352 Len=0"
"20","4.405345","192.168.1.9","40.90.137.125","TLSv1.2","279","Client Hello"
"21","4.673362","40.90.137.125","192.168.1.9","TCP","1506","443  >  49778 [ACK] Seq=1 Ack=226 Win=262656 Len=1452 [TCP segment of a reassembled PDU]"
"22","4.673941","40.90.137.125","192.168.1.9","TCP","1506","443  >  49778 [ACK] Seq=1453 Ack=226 Win=262656 Len=1452 [TCP segment of a reassembled PDU]"
"23","4.673941","40.90.137.125","192.168.1.9","TLSv1.2","924","Server Hello, Certificate, Certificate Status, Server Key Exchange, Server Hello Done"
"24","4.674057","192.168.1.9","40.90.137.125","TCP","54","49778  >  443 [ACK] Seq=226 Ack=3775 Win=132352 Len=0"
"25","4.694288","192.168.1.9","40.90.137.125","TLSv1.2","180","Client Key Exchange, Change Cipher Spec, Encrypted Handshake Message"
"26","4.948946","40.90.137.125","192.168.1.9","TLSv1.2","105","Change Cipher Spec, Encrypted Handshake Message"
"27","4.949139","40.90.137.125","192.168.1.9","TLSv1.2","123","Application Data"
"28","4.949193","192.168.1.9","40.90.137.125","TCP","54","49778  >  443 [ACK] Seq=352 Ack=3895 Win=132352 Len=0"
"29","5.063560","192.168.1.9","40.90.137.125","TLSv1.2","141","Application Data"
"30","5.063999","192.168.1.9","40.90.137.125","TLSv1.2","300","Application Data"
"31","5.241907","192.168.1.9","40.90.137.125","TLSv1.2","92","Application Data"
"32","5.242409","192.168.1.9","40.90.137.125","TCP","1494","49778  >  443 [ACK] Seq=723 Ack=3895 Win=132352 Len=1440 [TCP segment of a reassembled PDU]"
"33","5.242409","192.168.1.9","40.90.137.125","TCP","1494","49778  >  443 [ACK] Seq=2163 Ack=3895 Win=132352 Len=1440 [TCP segment of a reassembled PDU]"
"34","5.242409","192.168.1.9","40.90.137.125","TCP","1494","49778  >  443 [ACK] Seq=3603 Ack=3895 Win=132352 Len=1440 [TCP segment of a reassembled PDU]"
"35","5.242409","192.168.1.9","40.90.137.125","TLSv1.2","551","Application Data"
"36","5.317221","40.90.137.125","192.168.1.9","TLSv1.2","92","Application Data"
"37","5.358480","192.168.1.9","40.90.137.125","TCP","54","49778  >  443 [ACK] Seq=5540 Ack=3933 Win=132096 Len=0"
"38","5.380997","40.90.137.125","192.168.1.9","TCP","56","443  >  49778 [ACK] Seq=3933 Ack=685 Win=262144 Len=0"
"39","5.502392","40.90.137.125","192.168.1.9","TCP","56","443  >  49778 [ACK] Seq=3933 Ack=2163 Win=262656 Len=0"
"40","5.512843","40.90.137.125","192.168.1.9","TCP","56","443  >  49778 [ACK] Seq=3933 Ack=5043 Win=262656 Len=0"
"41","5.514978","40.90.137.125","192.168.1.9","TLSv1.2","109","Application Data"
"42","5.514978","40.90.137.125","192.168.1.9","TLSv1.2","109","Application Data"
"43","5.514978","40.90.137.125","192.168.1.9","TLSv1.2","96","Application Data"
"44","5.515133","192.168.1.9","40.90.137.125","TCP","54","49778  >  443 [ACK] Seq=5540 Ack=4085 Win=132096 Len=0"
"45","5.532629","40.90.137.125","192.168.1.9","TCP","1506","443  >  49778 [ACK] Seq=4085 Ack=5540 Win=262144 Len=1452 [TCP segment of a reassembled PDU]"
"46","5.532732","192.168.1.9","40.90.137.125","TCP","54","49778  >  443 [ACK] Seq=5540 Ack=5537 Win=132352 Len=0"
"47","5.533484","40.90.137.125","192.168.1.9","TCP","1506","443  >  49778 [ACK] Seq=5537 Ack=5540 Win=262144 Len=1452 [TCP segment of a reassembled PDU]"
"48","5.533484","40.90.137.125","192.168.1.9","TCP","1506","443  >  49778 [ACK] Seq=6989 Ack=5540 Win=262144 Len=1452 [TCP segment of a reassembled PDU]"
"49","5.533594","192.168.1.9","40.90.137.125","TCP","54","49778  >  443 [ACK] Seq=5540 Ack=8441 Win=132352 Len=0"
"50","5.534218","40.90.137.125","192.168.1.9","TCP","1506","443  >  49778 [ACK] Seq=8441 Ack=5540 Win=262144 Len=1452 [TCP segment of a reassembled PDU]"
"51","5.534218","40.90.137.125","192.168.1.9","TCP","1506","443  >  49778 [ACK] Seq=9893 Ack=5540 Win=262144 Len=1452 [TCP segment of a reassembled PDU]"
"52","5.534218","40.90.137.125","192.168.1.9","TCP","1506","443  >  49778 [ACK] Seq=11345 Ack=5540 Win=262144 Len=1452 [TCP segment of a reassembled PDU]"
"53","5.534218","40.90.137.125","192.168.1.9","TCP","1506","443  >  49778 [ACK] Seq=12797 Ack=5540 Win=262144 Len=1452 [TCP segment of a reassembled PDU]"
"54","5.534218","40.90.137.125","192.168.1.9","TLSv1.2","446","Application Data"
"55","5.534218","40.90.137.125","192.168.1.9","TLSv1.2","92","Application Data"
"56","5.534426","192.168.1.9","40.90.137.125","TCP","54","49778  >  443 [ACK] Seq=5540 Ack=14679 Win=132352 Len=0"
"59","5.746122","192.168.1.9","40.74.108.123","TCP","66","49779  >  443 [SYN] Seq=0 Win=64240 Len=0 MSS=1460 WS=256 SACK_PERM=1"
"60","5.838786","40.74.108.123","192.168.1.9","TCP","66","443  >  49779 [SYN, ACK] Seq=0 Ack=1 Win=65535 Len=0 MSS=1440 WS=256 SACK_PERM=1"
"61","5.838958","192.168.1.9","40.74.108.123","TCP","54","49779  >  443 [ACK] Seq=1 Ack=1 Win=132352 Len=0"
"62","5.854098","192.168.1.9","40.74.108.123","TLSv1.2","264","Client Hello"
"63","5.898270","192.168.1.9","40.90.137.125","TLSv1.2","104","Application Data"
"64","5.898694","192.168.1.9","40.90.137.125","TCP","1494","49778  >  443 [ACK] Seq=5590 Ack=14679 Win=132352 Len=1440 [TCP segment of a reassembled PDU]"
"65","5.898694","192.168.1.9","40.90.137.125","TCP","1494","49778  >  443 [ACK] Seq=7030 Ack=14679 Win=132352 Len=1440 [TCP segment of a reassembled PDU]"
"66","5.898694","192.168.1.9","40.90.137.125","TCP","1494","49778  >  443 [ACK] Seq=8470 Ack=14679 Win=132352 Len=1440 [TCP segment of a reassembled PDU]"
"67","5.898694","192.168.1.9","40.90.137.125","TLSv1.2","535","Application Data"
"68","5.947994","40.74.108.123","192.168.1.9","TCP","1506","443  >  49779 [ACK] Seq=1 Ack=211 Win=525312 Len=1452 [TCP segment of a reassembled PDU]"
"69","5.947994","40.74.108.123","192.168.1.9","TCP","1506","443  >  49779 [ACK] Seq=1453 Ack=211 Win=525312 Len=1452 [TCP segment of a reassembled PDU]"
"70","5.947994","40.74.108.123","192.168.1.9","TLSv1.2","876","Server Hello, Certificate, Server Key Exchange, Server Hello Done"
"71","5.948153","192.168.1.9","40.74.108.123","TCP","54","49779  >  443 [ACK] Seq=211 Ack=3727 Win=132352 Len=0"
"72","5.954870","192.168.1.9","40.74.108.123","TLSv1.2","180","Client Key Exchange, Change Cipher Spec, Encrypted Handshake Message"
"73","6.047003","40.74.108.123","192.168.1.9","TLSv1.2","105","Change Cipher Spec, Encrypted Handshake Message"
"74","6.047003","40.74.108.123","192.168.1.9","TLSv1.2","123","Application Data"
"75","6.047161","192.168.1.9","40.74.108.123","TCP","54","49779  >  443 [ACK] Seq=337 Ack=3847 Win=132352 Len=0"
"76","6.115503","192.168.1.9","40.74.108.123","TLSv1.2","141","Application Data"
"77","6.115779","192.168.1.9","40.74.108.123","TLSv1.2","721","Application Data"
"78","6.119607","192.168.1.9","40.74.108.123","TLSv1.2","92","Application Data"
"79","6.159134","40.90.137.125","192.168.1.9","TCP","56","443  >  49778 [ACK] Seq=14679 Ack=7030 Win=262656 Len=0"
"80","6.169124","40.90.137.125","192.168.1.9","TCP","56","443  >  49778 [ACK] Seq=14679 Ack=9910 Win=262656 Len=0"
"81","6.171118","40.90.137.125","192.168.1.9","TLSv1.2","109","Application Data"
"82","6.172159","40.90.137.125","192.168.1.9","TLSv1.2","109","Application Data"
"83","6.172159","40.90.137.125","192.168.1.9","TLSv1.2","96","Application Data"
"84","6.172265","192.168.1.9","40.90.137.125","TCP","54","49778  >  443 [ACK] Seq=10391 Ack=14831 Win=132096 Len=0"
"85","6.191128","40.90.137.125","192.168.1.9","TCP","1506","443  >  49778 [ACK] Seq=14831 Ack=10391 Win=262144 Len=1452 [TCP segment of a reassembled PDU]"
"86","6.191232","192.168.1.9","40.90.137.125","TCP","54","49778  >  443 [ACK] Seq=10391 Ack=16283 Win=132352 Len=0"
"87","6.193245","40.90.137.125","192.168.1.9","TCP","1506","443  >  49778 [ACK] Seq=16283 Ack=10391 Win=262144 Len=1452 [TCP segment of a reassembled PDU]"
"88","6.193245","40.90.137.125","192.168.1.9","TCP","1506","443  >  49778 [ACK] Seq=17735 Ack=10391 Win=262144 Len=1452 [TCP segment of a reassembled PDU]"
"89","6.193245","40.90.137.125","192.168.1.9","TCP","1506","443  >  49778 [ACK] Seq=19187 Ack=10391 Win=262144 Len=1452 [TCP segment of a reassembled PDU]"
"90","6.193245","40.90.137.125","192.168.1.9","TCP","1506","443  >  49778 [ACK] Seq=20639 Ack=10391 Win=262144 Len=1452 [TCP segment of a reassembled PDU]"
"91","6.193245","40.90.137.125","192.168.1.9","TCP","1506","443  >  49778 [ACK] Seq=22091 Ack=10391 Win=262144 Len=1452 [TCP segment of a reassembled PDU]"
"92","6.193245","40.90.137.125","192.168.1.9","TCP","1506","443  >  49778 [ACK] Seq=23543 Ack=10391 Win=262144 Len=1452 [TCP segment of a reassembled PDU]"
"93","6.193245","40.90.137.125","192.168.1.9","TLSv1.2","888","Application Data"
"94","6.193245","40.90.137.125","192.168.1.9","TLSv1.2","92","Application Data"
"95","6.193405","192.168.1.9","40.90.137.125","TCP","54","49778  >  443 [ACK] Seq=10391 Ack=25867 Win=132352 Len=0"
"96","6.208105","40.74.108.123","192.168.1.9","TLSv1.2","92","Application Data"
"97","6.213111","40.74.108.123","192.168.1.9","TCP","56","443  >  49779 [ACK] Seq=3885 Ack=1129 Win=524288 Len=0"
"98","6.213111","40.74.108.123","192.168.1.9","TLSv1.2","221","Application Data"
"99","6.213227","192.168.1.9","40.74.108.123","TCP","54","49779  >  443 [ACK] Seq=1129 Ack=4052 Win=132096 Len=0"
"100","6.416338","192.168.1.9","40.74.108.123","TCP","54","49779  >  443 [FIN, ACK] Seq=1129 Ack=4052 Win=132096 Len=0"
"101","6.507910","40.74.108.123","192.168.1.9","TCP","54","443  >  49779 [FIN, ACK] Seq=4052 Ack=1130 Win=524288 Len=0"
"102","6.508018","192.168.1.9","40.74.108.123","TCP","54","49779  >  443 [ACK] Seq=1130 Ack=4053 Win=132096 Len=0"
"103","6.689989","192.168.1.9","40.74.108.123","TCP","66","49780  >  443 [SYN] Seq=0 Win=64240 Len=0 MSS=1460 WS=256 SACK_PERM=1"
"104","6.784819","40.74.108.123","192.168.1.9","TCP","66","443  >  49780 [SYN, ACK] Seq=0 Ack=1 Win=65535 Len=0 MSS=1440 WS=256 SACK_PERM=1"
"105","6.784985","192.168.1.9","40.74.108.123","TCP","54","49780  >  443 [ACK] Seq=1 Ack=1 Win=132352 Len=0"
"106","6.800326","192.168.1.9","40.74.108.123","TLSv1.2","264","Client Hello"
"107","6.901645","40.74.108.123","192.168.1.9","TCP","1506","443  >  49780 [ACK] Seq=1 Ack=211 Win=525312 Len=1452 [TCP segment of a reassembled PDU]"
"108","6.901645","40.74.108.123","192.168.1.9","TCP","1506","443  >  49780 [ACK] Seq=1453 Ack=211 Win=525312 Len=1452 [TCP segment of a reassembled PDU]"
"109","6.901645","40.74.108.123","192.168.1.9","TLSv1.2","876","Server Hello, Certificate, Server Key Exchange, Server Hello Done"
"110","6.901796","192.168.1.9","40.74.108.123","TCP","54","49780  >  443 [ACK] Seq=211 Ack=3727 Win=132352 Len=0"
"111","6.912238","192.168.1.9","40.74.108.123","TLSv1.2","180","Client Key Exchange, Change Cipher Spec, Encrypted Handshake Message"
"114","7.212461","192.168.1.9","40.74.108.123","TCP","180","[TCP Retransmission] 49780  >  443 [PSH, ACK] Seq=211 Ack=3727 Win=132352 Len=126"
"115","7.325397","40.74.108.123","192.168.1.9","TLSv1.2","123","[TCP Previous segment not captured] , Application Data"
"118","7.325397","40.74.108.123","192.168.1.9","TCP","174","[TCP Retransmission] 443  >  49780 [PSH, ACK] Seq=3727 Ack=337 Win=525056 Len=120"
"119","7.325577","192.168.1.9","40.74.108.123","TCP","66","[TCP Dup ACK 110#1] 49780  >  443 [ACK] Seq=337 Ack=3727 Win=132352 Len=0 SLE=3778 SRE=3847"
"120","7.325717","192.168.1.9","40.74.108.123","TCP","66","49780  >  443 [ACK] Seq=337 Ack=3847 Win=132352 Len=0 SLE=3778 SRE=3847"
"121","7.326380","40.74.108.123","192.168.1.9","TCP","66","[TCP Dup ACK 115#1] 443  >  49780 [ACK] Seq=3847 Ack=337 Win=525056 Len=0 SLE=211 SRE=337"
"122","7.379266","192.168.1.9","40.119.211.203","TCP","66","49781  >  443 [SYN] Seq=0 Win=64240 Len=0 MSS=1460 WS=256 SACK_PERM=1"
"123","7.381461","192.168.1.9","40.74.108.123","TLSv1.2","141","Application Data"
"124","7.381695","192.168.1.9","40.74.108.123","TLSv1.2","775","Application Data"
"125","7.382000","192.168.1.9","40.74.108.123","TLSv1.2","92","Application Data"
"126","7.492288","40.119.211.203","192.168.1.9","TCP","66","443  >  49781 [SYN, ACK] Seq=0 Ack=1 Win=8192 Len=0 MSS=1440 WS=1 SACK_PERM=1"
"127","7.492480","192.168.1.9","40.119.211.203","TCP","54","49781  >  443 [ACK] Seq=1 Ack=1 Win=132352 Len=0"
"128","7.496120","192.168.1.9","40.119.211.203","TLSv1.2","232","Client Hello"
"129","7.682163","192.168.1.9","40.74.108.123","TCP","900","[TCP Retransmission] 49780  >  443 [PSH, ACK] Seq=337 Ack=3847 Win=132352 Len=846"
"130","7.800261","40.74.108.123","192.168.1.9","TLSv1.2","92","Application Data"
"131","7.800261","40.74.108.123","192.168.1.9","TCP","56","443  >  49780 [ACK] Seq=3885 Ack=1183 Win=524288 Len=0"
"132","7.800261","40.74.108.123","192.168.1.9","TLSv1.2","187","Application Data"
"133","7.800261","40.119.211.203","192.168.1.9","TCP","1506","443  >  49781 [ACK] Seq=1 Ack=179 Win=8014 Len=1452 [TCP segment of a reassembled PDU]"
"134","7.800261","40.119.211.203","192.168.1.9","TCP","62","443  >  49781 [PSH, ACK] Seq=1453 Ack=179 Win=8014 Len=8 [TCP segment of a reassembled PDU]"
"135","7.800261","40.119.211.203","192.168.1.9","TCP","1506","443  >  49781 [ACK] Seq=1461 Ack=179 Win=8014 Len=1452 [TCP segment of a reassembled PDU]"
"136","7.800261","40.119.211.203","192.168.1.9","TCP","62","443  >  49781 [PSH, ACK] Seq=2913 Ack=179 Win=8014 Len=8 [TCP segment of a reassembled PDU]"
"137","7.800261","40.119.211.203","192.168.1.9","TLSv1.2","920","Server Hello, Certificate, Server Key Exchange, Server Hello Done"
"138","7.800261","40.119.211.203","192.168.1.9","TCP","1506","[TCP Retransmission] 443  >  49781 [PSH, ACK] Seq=2335 Ack=179 Win=8014 Len=1452"
"139","7.800553","192.168.1.9","40.119.211.203","TCP","66","49781  >  443 [ACK] Seq=179 Ack=3787 Win=132352 Len=0 SLE=2335 SRE=3787"
"140","7.800700","192.168.1.9","40.74.108.123","TCP","54","49780  >  443 [ACK] Seq=1183 Ack=4018 Win=132096 Len=0"
"141","7.809077","40.74.108.123","192.168.1.9","TLSv1.2","225","[TCP Spurious Retransmission] , Application Data, Application Data"
"142","7.809170","192.168.1.9","40.74.108.123","TCP","66","[TCP Dup ACK 140#1] 49780  >  443 [ACK] Seq=1183 Ack=4018 Win=132096 Len=0 SLE=3847 SRE=4018"
"143","7.830576","192.168.1.9","40.119.211.203","TLSv1.2","212","Client Key Exchange, Change Cipher Spec, Encrypted Handshake Message"
"144","7.836109","40.74.108.123","192.168.1.9","TCP","66","[TCP Dup ACK 131#1] 443  >  49780 [ACK] Seq=4018 Ack=1183 Win=524288 Len=0 SLE=337 SRE=1183"
"145","7.854046","40.119.211.203","192.168.1.9","TLSv1.2","105","Change Cipher Spec, Encrypted Handshake Message"
"146","7.869791","192.168.1.9","40.74.108.123","TCP","54","49780  >  443 [FIN, ACK] Seq=1183 Ack=4018 Win=132096 Len=0"
"147","7.936980","192.168.1.9","40.119.211.203","TCP","54","49781  >  443 [ACK] Seq=337 Ack=3838 Win=132352 Len=0"
"148","7.954192","192.168.1.9","40.119.211.203","TLSv1.2","445","Application Data"
"149","7.954641","192.168.1.9","40.119.211.203","TLSv1.2","1147","Application Data"
"150","7.955466","192.168.1.9","40.119.211.203","TLSv1.2","301","Application Data"
"151","7.963986","40.74.108.123","192.168.1.9","TCP","54","443  >  49780 [FIN, ACK] Seq=4018 Ack=1184 Win=524288 Len=0"
"152","7.964100","192.168.1.9","40.74.108.123","TCP","54","49780  >  443 [ACK] Seq=1184 Ack=4019 Win=132096 Len=0"
"153","7.978772","40.119.211.203","192.168.1.9","TLSv1.2","335","Application Data"
"154","7.980969","40.119.211.203","192.168.1.9","TCP","56","443  >  49781 [ACK] Seq=4119 Ack=1821 Win=8192 Len=0"
"155","7.981958","40.119.211.203","192.168.1.9","TCP","56","443  >  49781 [ACK] Seq=4119 Ack=2068 Win=7945 Len=0"
"156","7.981958","40.119.211.203","192.168.1.9","TLSv1.2","155","Application Data"
"157","7.982076","192.168.1.9","40.119.211.203","TCP","54","49781  >  443 [ACK] Seq=2068 Ack=4220 Win=131840 Len=0"
"158","7.983956","40.119.211.203","192.168.1.9","TLSv1.2","232","Application Data"
"159","8.036942","192.168.1.9","40.119.211.203","TCP","54","49781  >  443 [ACK] Seq=2068 Ack=4398 Win=131840 Len=0"
"164","8.144883","192.168.1.9","40.119.211.203","TLSv1.2","273","Application Data"
"165","8.151015","192.168.1.9","40.119.211.203","TLSv1.2","301","Application Data"
"166","8.168865","40.119.211.203","192.168.1.9","TLSv1.2","155","Application Data"
"167","8.176876","40.119.211.203","192.168.1.9","TLSv1.2","452","Application Data"
"168","8.177019","192.168.1.9","40.119.211.203","TCP","54","49781  >  443 [ACK] Seq=2534 Ack=4897 Win=131328 Len=0"
"169","9.037321","192.168.1.9","74.125.130.188","TCP","55","49744  >  5228 [ACK] Seq=1 Ack=1 Win=510 Len=1"
"170","9.060519","74.125.130.188","192.168.1.9","TCP","66","5228  >  49744 [ACK] Seq=1 Ack=2 Win=265 Len=0 SLE=1 SRE=2"
"175","9.571039","192.168.1.9","40.90.137.125","TLSv1.2","104","Application Data"
"176","9.571456","192.168.1.9","40.90.137.125","TCP","1494","49778  >  443 [ACK] Seq=10441 Ack=25867 Win=132352 Len=1440"
"177","9.571456","192.168.1.9","40.90.137.125","TCP","1494","49778  >  443 [ACK] Seq=11881 Ack=25867 Win=132352 Len=1440 [TCP segment of a reassembled PDU]"
"178","9.571456","192.168.1.9","40.90.137.125","TCP","1494","49778  >  443 [ACK] Seq=13321 Ack=25867 Win=132352 Len=1440 [TCP segment of a reassembled PDU]"
"179","9.571456","192.168.1.9","40.90.137.125","TCP","537","49778  >  443 [PSH, ACK] Seq=14761 Ack=25867 Win=132352 Len=483 [TCP segment of a reassembled PDU]"
"180","9.830131","40.90.137.125","192.168.1.9","TCP","66","[TCP Dup ACK 81#1] 443  >  49778 [ACK] Seq=25867 Ack=10391 Win=262144 Len=0 SLE=10441 SRE=11881"
"181","9.835088","40.90.137.125","192.168.1.9","TCP","66","[TCP Dup ACK 81#2] 443  >  49778 [ACK] Seq=25867 Ack=10391 Win=262144 Len=0 SLE=10441 SRE=13321"
"182","9.841516","40.90.137.125","192.168.1.9","TCP","66","[TCP Dup ACK 81#3] 443  >  49778 [ACK] Seq=25867 Ack=10391 Win=262144 Len=0 SLE=10441 SRE=14761"
"183","9.841631","192.168.1.9","40.90.137.125","TLSv1.2","1494","[TCP Fast Retransmission] , Application Data"
"184","9.843489","40.90.137.125","192.168.1.9","TCP","66","[TCP Dup ACK 81#4] 443  >  49778 [ACK] Seq=25867 Ack=10391 Win=262144 Len=0 SLE=10441 SRE=15244"
"185","10.101320","40.90.137.125","192.168.1.9","TCP","66","443  >  49778 [ACK] Seq=25867 Ack=15244 Win=262656 Len=0 SLE=10441 SRE=11831"
"186","10.101320","40.90.137.125","192.168.1.9","TLSv1.2","109","Application Data"
"187","10.101320","40.90.137.125","192.168.1.9","TLSv1.2","109","Application Data"
"188","10.101320","40.90.137.125","192.168.1.9","TLSv1.2","96","Application Data"
"189","10.101473","192.168.1.9","40.90.137.125","TCP","54","49778  >  443 [ACK] Seq=15244 Ack=26019 Win=132096 Len=0"
"190","10.117430","40.90.137.125","192.168.1.9","TCP","1506","443  >  49778 [ACK] Seq=26019 Ack=15244 Win=262656 Len=1452 [TCP segment of a reassembled PDU]"
"191","10.117430","40.90.137.125","192.168.1.9","TCP","1506","443  >  49778 [ACK] Seq=27471 Ack=15244 Win=262656 Len=1452 [TCP segment of a reassembled PDU]"
"192","10.117430","40.90.137.125","192.168.1.9","TCP","1506","443  >  49778 [ACK] Seq=28923 Ack=15244 Win=262656 Len=1452 [TCP segment of a reassembled PDU]"
"193","10.117430","40.90.137.125","192.168.1.9","TCP","1506","443  >  49778 [ACK] Seq=30375 Ack=15244 Win=262656 Len=1452 [TCP segment of a reassembled PDU]"
"194","10.117430","40.90.137.125","192.168.1.9","TCP","1506","443  >  49778 [ACK] Seq=31827 Ack=15244 Win=262656 Len=1452 [TCP segment of a reassembled PDU]"
"195","10.117430","40.90.137.125","192.168.1.9","TCP","1506","443  >  49778 [ACK] Seq=33279 Ack=15244 Win=262656 Len=1452 [TCP segment of a reassembled PDU]"
"196","10.117430","40.90.137.125","192.168.1.9","TCP","1506","443  >  49778 [ACK] Seq=34731 Ack=15244 Win=262656 Len=1452 [TCP segment of a reassembled PDU]"
"197","10.117430","40.90.137.125","192.168.1.9","TCP","1506","443  >  49778 [ACK] Seq=36183 Ack=15244 Win=262656 Len=1452 [TCP segment of a reassembled PDU]"
"198","10.117430","40.90.137.125","192.168.1.9","TLSv1.2","332","Application Data"
"199","10.117430","40.90.137.125","192.168.1.9","TLSv1.2","92","Application Data"
"200","10.117616","192.168.1.9","40.90.137.125","TCP","54","49778  >  443 [ACK] Seq=15244 Ack=37951 Win=132352 Len=0"
"203","10.243844","192.168.1.9","13.107.246.10","TCP","66","49782  >  443 [SYN] Seq=0 Win=64240 Len=0 MSS=1460 WS=256 SACK_PERM=1"
"204","10.272187","13.107.246.10","192.168.1.9","TCP","66","443  >  49782 [SYN, ACK] Seq=0 Ack=1 Win=65535 Len=0 MSS=1440 WS=256 SACK_PERM=1"
"205","10.272359","192.168.1.9","13.107.246.10","TCP","54","49782  >  443 [ACK] Seq=1 Ack=1 Win=132352 Len=0"
"206","10.277993","192.168.1.9","13.107.246.10","TLSv1.2","256","Client Hello"
"207","10.306156","13.107.246.10","192.168.1.9","TCP","54","443  >  49782 [ACK] Seq=1 Ack=203 Win=525312 Len=0"
"208","10.307204","13.107.246.10","192.168.1.9","TCP","1506","443  >  49782 [ACK] Seq=1 Ack=203 Win=525312 Len=1452 [TCP segment of a reassembled PDU]"
"209","10.307204","13.107.246.10","192.168.1.9","TCP","1506","443  >  49782 [ACK] Seq=1453 Ack=203 Win=525312 Len=1452 [TCP segment of a reassembled PDU]"
"210","10.307204","13.107.246.10","192.168.1.9","TCP","1506","443  >  49782 [ACK] Seq=2905 Ack=203 Win=525312 Len=1452 [TCP segment of a reassembled PDU]"
"211","10.307204","13.107.246.10","192.168.1.9","TLSv1.2","1357","Server Hello, Certificate, Certificate Status, Server Key Exchange, Server Hello Done"
"212","10.307362","192.168.1.9","13.107.246.10","TCP","54","49782  >  443 [ACK] Seq=203 Ack=5660 Win=132352 Len=0"
"213","10.350362","192.168.1.9","13.107.246.10","TLSv1.2","212","Client Key Exchange, Change Cipher Spec, Encrypted Handshake Message"
"214","10.377086","13.107.246.10","192.168.1.9","TCP","56","443  >  49782 [ACK] Seq=5660 Ack=361 Win=525056 Len=0"
"215","10.378429","13.107.246.10","192.168.1.9","TLSv1.2","380","New Session Ticket, Change Cipher Spec, Encrypted Handshake Message"
"216","10.379083","13.107.246.10","192.168.1.9","TLSv1.2","123","Application Data"
"217","10.379171","192.168.1.9","13.107.246.10","TCP","54","49782  >  443 [ACK] Seq=361 Ack=6055 Win=131840 Len=0"
"218","10.380839","192.168.1.9","13.107.246.10","TLSv1.2","141","Application Data"
"219","10.381222","192.168.1.9","13.107.246.10","TLSv1.2","1464","Application Data"
"220","10.381677","192.168.1.9","13.107.246.10","TLSv1.2","92","Application Data"
"221","10.381853","192.168.1.9","13.107.246.10","TLSv1.2","296","Application Data"
"222","10.408088","13.107.246.10","192.168.1.9","TCP","56","443  >  49782 [ACK] Seq=6055 Ack=448 Win=525056 Len=0"
"223","10.408088","13.107.246.10","192.168.1.9","TLSv1.2","92","Application Data"
"224","10.414144","13.107.246.10","192.168.1.9","TCP","56","443  >  49782 [ACK] Seq=6093 Ack=1858 Win=525568 Len=0"
"225","10.414144","13.107.246.10","192.168.1.9","TCP","56","443  >  49782 [ACK] Seq=6093 Ack=1896 Win=525568 Len=0"
"226","10.415072","13.107.246.10","192.168.1.9","TCP","56","443  >  49782 [ACK] Seq=6093 Ack=2138 Win=525312 Len=0"
"322","10.537323","192.168.1.9","13.107.246.10","TCP","54","49782  >  443 [ACK] Seq=2138 Ack=6093 Win=131840 Len=0"
"631","10.828823","13.107.246.10","192.168.1.9","TLSv1.2","349","Application Data"
"632","10.832757","192.168.1.9","13.107.246.10","TCP","54","49782  >  443 [FIN, ACK] Seq=2138 Ack=6388 Win=131584 Len=0"
"633","10.859827","13.107.246.10","192.168.1.9","TCP","54","443  >  49782 [ACK] Seq=6388 Ack=2139 Win=525312 Len=0"
"634","10.860838","13.107.246.10","192.168.1.9","TCP","54","[TCP Previous segment not captured] 443  >  49782 [FIN, ACK] Seq=6430 Ack=2139 Win=525312 Len=0"
"635","10.860838","13.107.246.10","192.168.1.9","TCP","96","[TCP Out-Of-Order] 443  >  49782 [PSH, ACK] Seq=6388 Ack=2139 Win=525312 Len=42"
"636","10.860965","192.168.1.9","13.107.246.10","TCP","54","[TCP Dup ACK 632#1] 49782  >  443 [ACK] Seq=2139 Ack=6388 Win=131584 Len=0"
"637","10.861141","192.168.1.9","13.107.246.10","TCP","54","49782  >  443 [RST, ACK] Seq=2139 Ack=6430 Win=0 Len=0"
"638","11.279300","192.168.1.9","40.74.108.123","TCP","66","49783  >  443 [SYN] Seq=0 Win=64240 Len=0 MSS=1460 WS=256 SACK_PERM=1"
"639","11.317013","192.168.1.9","40.74.108.123","TCP","66","49784  >  443 [SYN] Seq=0 Win=64240 Len=0 MSS=1460 WS=256 SACK_PERM=1"
"640","11.377040","40.74.108.123","192.168.1.9","TCP","66","443  >  49783 [SYN, ACK] Seq=0 Ack=1 Win=65535 Len=0 MSS=1440 WS=256 SACK_PERM=1"
"641","11.377269","192.168.1.9","40.74.108.123","TCP","54","49783  >  443 [ACK] Seq=1 Ack=1 Win=132352 Len=0"
"642","11.396060","192.168.1.9","40.74.108.123","TLSv1.2","264","Client Hello"
"643","11.425360","40.74.108.123","192.168.1.9","TCP","66","443  >  49784 [SYN, ACK] Seq=0 Ack=1 Win=65535 Len=0 MSS=1440 WS=256 SACK_PERM=1"
"644","11.425531","192.168.1.9","40.74.108.123","TCP","54","49784  >  443 [ACK] Seq=1 Ack=1 Win=132352 Len=0"
"645","11.430248","192.168.1.9","40.74.108.123","TLSv1.2","264","Client Hello"
"646","11.441863","192.168.1.9","40.74.108.123","TCP","66","49785  >  443 [SYN] Seq=0 Win=64240 Len=0 MSS=1460 WS=256 SACK_PERM=1"
"647","11.518165","40.74.108.123","192.168.1.9","TCP","1506","443  >  49783 [ACK] Seq=1 Ack=211 Win=525312 Len=1452 [TCP segment of a reassembled PDU]"
"648","11.518165","40.74.108.123","192.168.1.9","TCP","1506","443  >  49783 [ACK] Seq=1453 Ack=211 Win=525312 Len=1452 [TCP segment of a reassembled PDU]"
"649","11.518165","40.74.108.123","192.168.1.9","TLSv1.2","876","Server Hello, Certificate, Server Key Exchange, Server Hello Done"
"650","11.518376","192.168.1.9","40.74.108.123","TCP","54","49783  >  443 [ACK] Seq=211 Ack=3727 Win=132352 Len=0"
"651","11.523653","40.74.108.123","192.168.1.9","TCP","1506","443  >  49784 [ACK] Seq=1 Ack=211 Win=525312 Len=1452 [TCP segment of a reassembled PDU]"
"652","11.526278","192.168.1.9","40.74.108.123","TLSv1.2","180","Client Key Exchange, Change Cipher Spec, Encrypted Handshake Message"
"653","11.636348","192.168.1.9","40.74.108.123","TCP","54","49784  >  443 [ACK] Seq=211 Ack=1453 Win=132352 Len=0"
"654","11.836782","192.168.1.9","40.74.108.123","TCP","180","[TCP Retransmission] 49783  >  443 [PSH, ACK] Seq=211 Ack=3727 Win=132352 Len=126"
"655","11.929951","40.74.108.123","192.168.1.9","TCP","66","443  >  49785 [SYN, ACK] Seq=0 Ack=1 Win=65535 Len=0 MSS=1440 WS=256 SACK_PERM=1"
"656","11.929951","40.74.108.123","192.168.1.9","TLSv1.2","105","Change Cipher Spec, Encrypted Handshake Message"
"657","11.929951","40.74.108.123","192.168.1.9","TLSv1.2","123","Application Data"
"658","11.929951","40.74.108.123","192.168.1.9","TCP","174","[TCP Retransmission] 443  >  49783 [PSH, ACK] Seq=3727 Ack=337 Win=525056 Len=120"
"659","11.930229","192.168.1.9","40.74.108.123","TCP","66","49783  >  443 [ACK] Seq=337 Ack=3847 Win=132352 Len=0 SLE=3727 SRE=3847"
"660","11.930374","192.168.1.9","40.74.108.123","TCP","54","49785  >  443 [ACK] Seq=1 Ack=1 Win=132352 Len=0"
"661","11.933772","192.168.1.9","40.74.108.123","TLSv1.2","264","Client Hello"
"662","11.963383","40.74.108.123","192.168.1.9","TCP","1506","[TCP Previous segment not captured] 443  >  49784 [PSH, ACK] Seq=2275 Ack=211 Win=525312 Len=1452 [TCP segment of a reassembled PDU]"
"663","11.963492","192.168.1.9","40.74.108.123","TCP","66","[TCP Dup ACK 653#1] 49784  >  443 [ACK] Seq=211 Ack=1453 Win=132352 Len=0 SLE=2275 SRE=3727"
"664","11.964722","40.74.108.123","192.168.1.9","TCP","66","[TCP Dup ACK 656#1] 443  >  49783 [ACK] Seq=3847 Ack=337 Win=525056 Len=0 SLE=211 SRE=337"
"665","11.996999","192.168.1.9","40.74.108.123","TLSv1.2","141","Application Data"
"666","11.997300","192.168.1.9","40.74.108.123","TLSv1.2","581","Application Data"
"667","11.997521","192.168.1.9","40.74.108.123","TLSv1.2","92","Application Data"
"668","12.031345","40.74.108.123","192.168.1.9","TCP","1506","443  >  49785 [ACK] Seq=1 Ack=211 Win=525312 Len=1452 [TCP segment of a reassembled PDU]"
"669","12.032353","40.74.108.123","192.168.1.9","TCP","1506","443  >  49785 [ACK] Seq=1453 Ack=211 Win=525312 Len=1452 [TCP segment of a reassembled PDU]"
"670","12.032353","40.74.108.123","192.168.1.9","TLSv1.2","876","Server Hello, Certificate, Server Key Exchange, Server Hello Done"
"671","12.032479","192.168.1.9","40.74.108.123","TCP","54","49785  >  443 [ACK] Seq=211 Ack=3727 Win=132352 Len=0"
"672","12.093350","40.74.108.123","192.168.1.9","TLSv1.2","92","Application Data"
"673","12.097281","40.74.108.123","192.168.1.9","TCP","56","443  >  49783 [ACK] Seq=3885 Ack=989 Win=524544 Len=0"
"674","12.103284","40.74.108.123","192.168.1.9","TLSv1.2","180","Application Data"
"675","12.103431","192.168.1.9","40.74.108.123","TCP","54","49783  >  443 [ACK] Seq=989 Ack=4011 Win=132096 Len=0"
"676","12.150915","192.168.1.9","40.74.108.123","TLSv1.2","180","Client Key Exchange, Change Cipher Spec, Encrypted Handshake Message"
"677","12.208041","192.168.1.9","40.74.108.123","TCP","54","49783  >  443 [FIN, ACK] Seq=989 Ack=4011 Win=132096 Len=0"
"678","12.247147","40.74.108.123","192.168.1.9","TLSv1.2","105","Change Cipher Spec, Encrypted Handshake Message"
"679","12.247147","40.74.108.123","192.168.1.9","TLSv1.2","123","Application Data"
"680","12.247292","192.168.1.9","40.74.108.123","TCP","54","49785  >  443 [ACK] Seq=337 Ack=3847 Win=132352 Len=0"
"681","12.277442","192.168.1.9","40.74.108.123","TLSv1.2","141","Application Data"
"682","12.277648","192.168.1.9","40.74.108.123","TLSv1.2","284","Application Data"
"683","12.277832","192.168.1.9","40.74.108.123","TLSv1.2","92","Application Data"
"684","12.304548","40.74.108.123","192.168.1.9","TCP","54","443  >  49783 [FIN, ACK] Seq=4011 Ack=990 Win=524544 Len=0"
"685","12.304697","192.168.1.9","40.74.108.123","TCP","54","49783  >  443 [ACK] Seq=990 Ack=4012 Win=132096 Len=0"
"686","12.378108","40.74.108.123","192.168.1.9","TLSv1.2","92","Application Data"
"687","12.380152","40.74.108.123","192.168.1.9","TCP","56","443  >  49785 [ACK] Seq=3885 Ack=692 Win=524800 Len=0"
"688","12.380448","40.74.108.123","192.168.1.9","TLSv1.2","178","Application Data"
"689","12.380516","192.168.1.9","40.74.108.123","TCP","54","49785  >  443 [ACK] Seq=692 Ack=4009 Win=132096 Len=0"
"690","12.384523","192.168.1.9","40.74.108.123","TCP","54","49785  >  443 [FIN, ACK] Seq=692 Ack=4009 Win=132096 Len=0"
"691","12.384526","40.74.108.123","192.168.1.9","TCP","1506","[TCP Retransmission] 443  >  49784 [ACK] Seq=1453 Ack=211 Win=525312 Len=1452"
"692","12.384626","192.168.1.9","40.74.108.123","TCP","66","49784  >  443 [ACK] Seq=211 Ack=3727 Win=132352 Len=0 SLE=2275 SRE=2905"
"693","12.395127","192.168.1.9","40.74.108.123","TLSv1.2","180","Client Key Exchange, Change Cipher Spec, Encrypted Handshake Message"
"694","12.480248","40.74.108.123","192.168.1.9","TCP","54","443  >  49785 [FIN, ACK] Seq=4009 Ack=693 Win=524800 Len=0"
"695","12.480376","192.168.1.9","40.74.108.123","TCP","54","49785  >  443 [ACK] Seq=693 Ack=4010 Win=132096 Len=0"
"696","12.485764","40.74.108.123","192.168.1.9","TLSv1.2","105","Change Cipher Spec, Encrypted Handshake Message"
"697","12.485764","40.74.108.123","192.168.1.9","TLSv1.2","123","Application Data"
"698","12.485903","192.168.1.9","40.74.108.123","TCP","54","49784  >  443 [ACK] Seq=337 Ack=3847 Win=132352 Len=0"
"699","12.531563","192.168.1.9","40.74.108.123","TLSv1.2","141","Application Data"
"700","12.531734","192.168.1.9","40.74.108.123","TLSv1.2","182","Application Data"
"701","12.531953","192.168.1.9","40.74.108.123","TLSv1.2","92","Application Data"
"702","12.623363","40.74.108.123","192.168.1.9","TCP","56","443  >  49784 [ACK] Seq=3847 Ack=590 Win=524800 Len=0"
"703","12.631351","40.74.108.123","192.168.1.9","TLSv1.2","92","Application Data"
"704","12.632356","40.74.108.123","192.168.1.9","TLSv1.2","159","Application Data"
"705","12.632446","192.168.1.9","40.74.108.123","TCP","54","49784  >  443 [ACK] Seq=590 Ack=3990 Win=132096 Len=0"
"706","12.890051","192.168.1.9","40.74.108.123","TCP","66","49786  >  443 [SYN] Seq=0 Win=64240 Len=0 MSS=1460 WS=256 SACK_PERM=1"
"707","12.893363","192.168.1.9","40.74.108.123","TCP","66","49787  >  443 [SYN] Seq=0 Win=64240 Len=0 MSS=1460 WS=256 SACK_PERM=1"
"708","12.895023","192.168.1.9","74.125.200.113","TCP","54","49770  >  443 [FIN, ACK] Seq=1 Ack=1 Win=511 Len=0"
"709","12.918178","74.125.200.113","192.168.1.9","TCP","54","443  >  49770 [FIN, ACK] Seq=1 Ack=2 Win=265 Len=0"
"710","12.918287","192.168.1.9","74.125.200.113","TCP","54","49770  >  443 [ACK] Seq=2 Ack=2 Win=511 Len=0"
"711","12.984641","40.74.108.123","192.168.1.9","TCP","66","443  >  49786 [SYN, ACK] Seq=0 Ack=1 Win=65535 Len=0 MSS=1440 WS=256 SACK_PERM=1"
"712","12.984816","192.168.1.9","40.74.108.123","TCP","54","49786  >  443 [ACK] Seq=1 Ack=1 Win=132352 Len=0"
"713","12.986873","192.168.1.9","40.74.108.123","TLSv1.2","264","Client Hello"
"714","12.988713","40.74.108.123","192.168.1.9","TCP","66","443  >  49787 [SYN, ACK] Seq=0 Ack=1 Win=65535 Len=0 MSS=1440 WS=256 SACK_PERM=1"
"715","12.988879","192.168.1.9","40.74.108.123","TCP","54","49787  >  443 [ACK] Seq=1 Ack=1 Win=132352 Len=0"
"716","12.990995","192.168.1.9","40.74.108.123","TLSv1.2","264","Client Hello"
"717","13.080401","40.74.108.123","192.168.1.9","TCP","1506","443  >  49786 [ACK] Seq=1 Ack=211 Win=525312 Len=1452 [TCP segment of a reassembled PDU]"
"718","13.080401","40.74.108.123","192.168.1.9","TCP","1506","443  >  49786 [ACK] Seq=1453 Ack=211 Win=525312 Len=1452 [TCP segment of a reassembled PDU]"
"719","13.080401","40.74.108.123","192.168.1.9","TLSv1.2","876","Server Hello, Certificate, Server Key Exchange, Server Hello Done"
"720","13.080552","192.168.1.9","40.74.108.123","TCP","54","49786  >  443 [ACK] Seq=211 Ack=3727 Win=132352 Len=0"
"721","13.085712","40.74.108.123","192.168.1.9","TCP","1506","443  >  49787 [ACK] Seq=1 Ack=211 Win=525312 Len=1452 [TCP segment of a reassembled PDU]"
"722","13.086784","40.74.108.123","192.168.1.9","TCP","1506","443  >  49787 [ACK] Seq=1453 Ack=211 Win=525312 Len=1452 [TCP segment of a reassembled PDU]"
"723","13.086784","40.74.108.123","192.168.1.9","TLSv1.2","876","Server Hello, Certificate, Server Key Exchange, Server Hello Done"
"724","13.086929","192.168.1.9","40.74.108.123","TCP","54","49787  >  443 [ACK] Seq=211 Ack=3727 Win=132352 Len=0"
"725","13.088593","192.168.1.9","40.74.108.123","TLSv1.2","180","Client Key Exchange, Change Cipher Spec, Encrypted Handshake Message"
"726","13.093808","192.168.1.9","40.74.108.123","TLSv1.2","180","Client Key Exchange, Change Cipher Spec, Encrypted Handshake Message"
"727","13.186117","40.74.108.123","192.168.1.9","TLSv1.2","105","Change Cipher Spec, Encrypted Handshake Message"
"728","13.186117","40.74.108.123","192.168.1.9","TLSv1.2","123","Application Data"
"729","13.186261","192.168.1.9","40.74.108.123","TCP","54","49786  >  443 [ACK] Seq=337 Ack=3847 Win=132352 Len=0"
"730","13.190069","40.74.108.123","192.168.1.9","TLSv1.2","105","Change Cipher Spec, Encrypted Handshake Message"
"731","13.190069","40.74.108.123","192.168.1.9","TLSv1.2","123","Application Data"
"732","13.190216","192.168.1.9","40.74.108.123","TCP","54","49787  >  443 [ACK] Seq=337 Ack=3847 Win=132352 Len=0"
"733","13.191879","192.168.1.9","40.74.108.123","TLSv1.2","141","Application Data"
"734","13.192316","192.168.1.9","40.74.108.123","TLSv1.2","182","Application Data"
"735","13.192811","192.168.1.9","40.74.108.123","TLSv1.2","92","Application Data"
"736","13.195862","192.168.1.9","40.74.108.123","TLSv1.2","141","Application Data"
"737","13.196061","192.168.1.9","40.74.108.123","TLSv1.2","253","Application Data"
"738","13.196258","192.168.1.9","40.74.108.123","TLSv1.2","92","Application Data"
"739","13.286439","40.74.108.123","192.168.1.9","TLSv1.2","92","Application Data"
"740","13.286439","40.74.108.123","192.168.1.9","TLSv1.2","159","Application Data"
"741","13.286590","192.168.1.9","40.74.108.123","TCP","54","49786  >  443 [ACK] Seq=590 Ack=3990 Win=132096 Len=0"
"742","13.290420","40.74.108.123","192.168.1.9","TLSv1.2","92","Application Data"
"743","13.290719","40.74.108.123","192.168.1.9","TCP","56","443  >  49787 [ACK] Seq=3885 Ack=661 Win=524800 Len=0"
"744","13.290719","40.74.108.123","192.168.1.9","TLSv1.2","178","Application Data"
"745","13.290787","192.168.1.9","40.74.108.123","TCP","54","49787  >  443 [ACK] Seq=661 Ack=4009 Win=132096 Len=0"
"746","13.293705","192.168.1.9","40.74.108.123","TCP","54","49787  >  443 [FIN, ACK] Seq=661 Ack=4009 Win=132096 Len=0"
"747","13.310503","192.168.1.9","40.74.108.123","TCP","54","49786  >  443 [FIN, ACK] Seq=590 Ack=3990 Win=132096 Len=0"
"748","13.330147","40.74.108.123","192.168.1.9","TCP","54","443  >  49786 [ACK] Seq=3990 Ack=590 Win=524800 Len=0"
"749","13.388170","40.74.108.123","192.168.1.9","TCP","54","443  >  49787 [FIN, ACK] Seq=4009 Ack=662 Win=524800 Len=0"
"750","13.388277","192.168.1.9","40.74.108.123","TCP","54","49787  >  443 [ACK] Seq=662 Ack=4010 Win=132096 Len=0"
"751","13.403107","40.74.108.123","192.168.1.9","TCP","54","443  >  49786 [FIN, ACK] Seq=3990 Ack=591 Win=524800 Len=0"
"752","13.403224","192.168.1.9","40.74.108.123","TCP","54","49786  >  443 [ACK] Seq=591 Ack=3991 Win=132096 Len=0"
"753","13.523581","192.168.1.9","40.74.108.123","TCP","66","49788  >  443 [SYN] Seq=0 Win=64240 Len=0 MSS=1460 WS=256 SACK_PERM=1"
"754","13.782124","40.74.108.123","192.168.1.9","TCP","66","443  >  49788 [SYN, ACK] Seq=0 Ack=1 Win=65535 Len=0 MSS=1440 WS=256 SACK_PERM=1"
"755","13.782279","192.168.1.9","40.74.108.123","TCP","54","49788  >  443 [ACK] Seq=1 Ack=1 Win=132352 Len=0"
"756","13.783285","192.168.1.9","40.74.108.123","TLSv1.2","264","Client Hello"
"757","13.974800","204.79.197.222","192.168.1.9","TCP","56","443  >  49712 [ACK] Seq=1 Ack=1 Win=1288 Len=0"
"758","13.974902","192.168.1.9","204.79.197.222","TCP","54","49712  >  443 [ACK] Seq=1527555832 Ack=4059061181 Win=1022 Len=0"
"759","14.289292","40.74.108.123","192.168.1.9","TCP","1506","443  >  49788 [ACK] Seq=1 Ack=211 Win=525312 Len=1452 [TCP segment of a reassembled PDU]"
"760","14.289292","40.74.108.123","192.168.1.9","TCP","1506","443  >  49788 [ACK] Seq=1453 Ack=211 Win=525312 Len=1452 [TCP segment of a reassembled PDU]"
"761","14.289292","40.74.108.123","192.168.1.9","TLSv1.2","876","Server Hello, Certificate, Server Key Exchange, Server Hello Done"
"762","14.289447","192.168.1.9","40.74.108.123","TCP","54","49788  >  443 [ACK] Seq=211 Ack=3727 Win=132352 Len=0"
"763","14.295922","192.168.1.9","40.74.108.123","TLSv1.2","180","Client Key Exchange, Change Cipher Spec, Encrypted Handshake Message"
"764","14.936606","192.168.1.9","40.74.108.123","TCP","180","[TCP Retransmission] 49788  >  443 [PSH, ACK] Seq=211 Ack=3727 Win=132352 Len=126"
"767","14.980822","40.74.108.123","192.168.1.9","TLSv1.2","105","Change Cipher Spec, Encrypted Handshake Message"
"768","14.980822","40.74.108.123","192.168.1.9","TLSv1.2","123","Application Data"
"770","14.980951","192.168.1.9","40.74.108.123","TCP","54","49788  >  443 [ACK] Seq=337 Ack=3847 Win=132352 Len=0"
"771","14.983849","192.168.1.9","52.114.128.75","TCP","66","49789  >  443 [SYN] Seq=0 Win=64240 Len=0 MSS=1460 WS=256 SACK_PERM=1"
"772","14.985459","192.168.1.9","40.74.108.123","TLSv1.2","141","Application Data"
"774","14.985757","192.168.1.9","40.74.108.123","TLSv1.2","458","Application Data"
"775","14.986329","192.168.1.9","40.74.108.123","TLSv1.2","92","Application Data"
"778","15.171383","40.74.108.123","192.168.1.9","TCP","66","[TCP Dup ACK 767#1] 443  >  49788 [ACK] Seq=3847 Ack=337 Win=525056 Len=0 SLE=211 SRE=337"
"831","15.183719","40.74.108.123","192.168.1.9","TLSv1.2","92","Application Data"
"832","15.183719","40.74.108.123","192.168.1.9","TLSv1.2","187","Application Data"
"835","15.183719","40.74.108.123","192.168.1.9","TCP","56","443  >  49788 [ACK] Seq=4018 Ack=866 Win=524544 Len=0"
"836","15.184062","192.168.1.9","40.74.108.123","TCP","54","49788  >  443 [ACK] Seq=866 Ack=4018 Win=132096 Len=0"
"843","15.196883","192.168.1.9","40.74.108.123","TCP","54","49788  >  443 [FIN, ACK] Seq=866 Ack=4018 Win=132096 Len=0"
"883","15.268651","52.114.128.75","192.168.1.9","TCP","66","443  >  49789 [SYN, ACK] Seq=0 Ack=1 Win=8192 Len=0 MSS=1440 WS=256 SACK_PERM=1"
"895","15.268919","192.168.1.9","52.114.128.75","TCP","54","49789  >  443 [ACK] Seq=1 Ack=1 Win=132352 Len=0"
"900","15.296914","192.168.1.9","52.114.128.75","TLSv1.2","262","Client Hello"
"929","15.348667","40.74.108.123","192.168.1.9","TCP","54","443  >  49788 [FIN, ACK] Seq=4018 Ack=867 Win=524544 Len=0"
"934","15.349012","192.168.1.9","40.74.108.123","TCP","54","49788  >  443 [ACK] Seq=867 Ack=4019 Win=132096 Len=0"
"1081","15.559169","192.168.1.9","40.74.108.123","TCP","66","49790  >  443 [SYN] Seq=0 Win=64240 Len=0 MSS=1460 WS=256 SACK_PERM=1"
"1086","15.584187","52.114.128.75","192.168.1.9","TCP","1506","443  >  49789 [ACK] Seq=1 Ack=209 Win=262656 Len=1452 [TCP segment of a reassembled PDU]"
"1088","15.585126","52.114.128.75","192.168.1.9","TCP","1506","443  >  49789 [ACK] Seq=1453 Ack=209 Win=262656 Len=1452 [TCP segment of a reassembled PDU]"
"1089","15.585126","52.114.128.75","192.168.1.9","TLSv1.2","1151","Server Hello, Certificate, Server Key Exchange, Server Hello Done"
"1090","15.585285","192.168.1.9","52.114.128.75","TCP","54","49789  >  443 [ACK] Seq=209 Ack=4002 Win=132352 Len=0"
"1094","15.594259","192.168.1.9","52.114.128.75","TLSv1.2","147","Client Key Exchange, Change Cipher Spec, Encrypted Handshake Message"
"1123","15.675924","40.74.108.123","192.168.1.9","TCP","66","443  >  49790 [SYN, ACK] Seq=0 Ack=1 Win=65535 Len=0 MSS=1440 WS=256 SACK_PERM=1"
"1124","15.676091","192.168.1.9","40.74.108.123","TCP","54","49790  >  443 [ACK] Seq=1 Ack=1 Win=132352 Len=0"
"1125","15.676869","192.168.1.9","40.74.108.123","TLSv1.2","264","Client Hello"
"1162","15.787598","40.74.108.123","192.168.1.9","TCP","1506","443  >  49790 [ACK] Seq=1 Ack=211 Win=525312 Len=1452 [TCP segment of a reassembled PDU]"
"1163","15.788224","40.74.108.123","192.168.1.9","TCP","1506","443  >  49790 [ACK] Seq=1453 Ack=211 Win=525312 Len=1452 [TCP segment of a reassembled PDU]"
"1164","15.788224","40.74.108.123","192.168.1.9","TLSv1.2","876","Server Hello, Certificate, Server Key Exchange, Server Hello Done"
"1165","15.788322","192.168.1.9","40.74.108.123","TCP","54","49790  >  443 [ACK] Seq=211 Ack=3727 Win=132352 Len=0"
"1166","15.793478","192.168.1.9","40.74.108.123","TLSv1.2","180","Client Key Exchange, Change Cipher Spec, Encrypted Handshake Message"
"1231","15.885612","52.114.128.75","192.168.1.9","TLSv1.2","105","Change Cipher Spec, Encrypted Handshake Message"
"1257","15.917628","40.74.108.123","192.168.1.9","TLSv1.2","105","Change Cipher Spec, Encrypted Handshake Message"
"1258","15.917628","40.74.108.123","192.168.1.9","TLSv1.2","123","Application Data"
"1259","15.917780","192.168.1.9","40.74.108.123","TCP","54","49790  >  443 [ACK] Seq=337 Ack=3847 Win=132352 Len=0"
"1279","15.936929","192.168.1.9","52.114.128.75","TCP","54","49789  >  443 [ACK] Seq=302 Ack=4053 Win=132352 Len=0"
"1297","15.962296","192.168.1.9","52.114.128.75","TLSv1.2","1025","Application Data"
"1307","15.969453","192.168.1.9","52.114.128.75","TLSv1.2","1167","Application Data"
"1560","16.168748","192.168.1.9","40.74.108.123","TLSv1.2","141","Application Data"
"1561","16.169257","192.168.1.9","40.74.108.123","TLSv1.2","266","Application Data"
"1562","16.169492","192.168.1.9","40.74.108.123","TLSv1.2","92","Application Data"
"1672","16.229788","52.114.128.75","192.168.1.9","TCP","56","443  >  49789 [ACK] Seq=4053 Ack=2386 Win=262656 Len=0"
"1681","16.234415","52.114.128.75","192.168.1.9","TLSv1.2","414","Application Data"
"1742","16.279556","40.74.108.123","192.168.1.9","TLSv1.2","92","Application Data"
"1743","16.279556","40.74.108.123","192.168.1.9","TCP","56","443  >  49790 [ACK] Seq=3885 Ack=674 Win=524800 Len=0"
"1747","16.279556","40.74.108.123","192.168.1.9","TLSv1.2","171","Application Data"
"1753","16.279883","192.168.1.9","40.74.108.123","TCP","54","49790  >  443 [ACK] Seq=674 Ack=4002 Win=132096 Len=0"
"1842","16.337098","192.168.1.9","52.114.128.75","TCP","54","49789  >  443 [ACK] Seq=2386 Ack=4413 Win=131840 Len=0"
"1880","16.429996","192.168.1.9","40.74.108.123","TCP","54","49790  >  443 [FIN, ACK] Seq=674 Ack=4002 Win=132096 Len=0"
"1881","16.491401","192.168.1.9","52.114.128.75","TCP","54","49789  >  443 [FIN, ACK] Seq=2386 Ack=4413 Win=131840 Len=0"
"1882","16.520720","40.74.108.123","192.168.1.9","TCP","54","443  >  49790 [FIN, ACK] Seq=4002 Ack=675 Win=524800 Len=0"
"1883","16.520832","192.168.1.9","40.74.108.123","TCP","54","49790  >  443 [ACK] Seq=675 Ack=4003 Win=132096 Len=0"
"1884","16.745597","52.114.128.75","192.168.1.9","TCP","54","443  >  49789 [FIN, ACK] Seq=4413 Ack=2387 Win=262656 Len=0"
